Productos,Precio,Fecha
Blusa Groom,245.000,16/06/2021
Blusa Menorca White,320.000,16/06/2021
Camisa Oversize Olbia,460.000,16/06/2021
Campera Denim Batik,460.000,16/06/2021
Campera Denim Florencia,460.000,16/06/2021
Campera Denim Garda,545.000,16/06/2021
Campera Denim Zante,490.000,16/06/2021
Campera jeans Val oscura.,395.000,16/06/2021
Campera Tropea,395.000,16/06/2021
Camperita de jeans VAL,395.000,16/06/2021
Cargo Violet Jeans,310.000,16/06/2021
Crop Top Agnes Black,195.000,16/06/2021
Crop Top Barca,160.000,16/06/2021
Crop Top Raona Pink,160.000,16/06/2021
Crop Top Wild,160.000,16/06/2021
CropTop Flares Denim,260.000,16/06/2021
Enterizo Bonapart,345.000,16/06/2021
Jeans Alguero,330.000,16/06/2021
Jeans Britney Oversized,330.000,16/06/2021
Kimono Juno,490.000,16/06/2021
Pantal√≥n Cargo Martinica,430.000,16/06/2021
Pantalon Cargo Palomino,430.000,16/06/2021
Pantalon Creta,520.000,16/06/2021
Pantalon Juno,445.000,16/06/2021
Pantalon Salento,290.000,16/06/2021
Pantalon Snake Denim,290.000,16/06/2021
Pantalon Zoe,495.000,16/06/2021
Pollera Bari,495.000,16/06/2021
Saco Chaleco Catania,245.000,16/06/2021
Saco Munich Blue,345.000,16/06/2021
Saco Munich tricot,345.000,16/06/2021
Saco Munich White,345.000,16/06/2021
Saco Tricot Munich Pink,345.000,16/06/2021
Short De Jeans Claro.,335.000,16/06/2021
Short De Jeans Oscuro,335.000,16/06/2021
Short Milo Animal,345.000,16/06/2021
Short Pollera Paros,175.000,16/06/2021
Short Rio,290.000,16/06/2021
Sweater Rimini,290.000,16/06/2021
T-Shirt Bling,245.000,16/06/2021
T-Shirt Bling Nirvana,245.000,16/06/2021
T-shirt Con Hombrera Blanca,145.000,16/06/2021
T-shirt Con Hombrera Gris,145.000,16/06/2021
T-Shirt Lylla,245.000,16/06/2021
T-shirt Nashville,230.000,16/06/2021
Top Bari,290.000,16/06/2021
Top Bianca,220.000,16/06/2021
Top Celine Black.,160.000,16/06/2021
Top Celine White,160.000,16/06/2021
Top Glory,220.000,16/06/2021
Top Marie Lynn Black,270.000,16/06/2021
Top Marie Lynn Green,270.000,16/06/2021
Top Palmarola Green,195.000,16/06/2021
Top Raona Azul,160.000,16/06/2021
Top Raona Celeste,160.000,16/06/2021
Top Raona Granate,160.000,16/06/2021
Top Raona Negro,160.000,16/06/2021
Top Raona Rojo,160.000,16/06/2021
Top Raona Verde,160.000,16/06/2021
Top Raona Verde,160.000,16/06/2021
Top Rio,240.000,16/06/2021
Vestido Beller,420.000,16/06/2021
Vestido Caiman Print,445.000,16/06/2021
Vestido Cayo Coco,445.000,16/06/2021
Vestido Ines,390.000,16/06/2021
Vestido Isabella,495.000,16/06/2021
Vestido Juno,520.000,16/06/2021
Vestido Lido,620.000,16/06/2021
Vestido Louise Black,390.000,16/06/2021
Vestido Marie Galante,445.000,16/06/2021
Vestido Marine,420.000,16/06/2021
Vestido Mustique Print,390.000,16/06/2021
Vestido Paloma Pink,390.000,16/06/2021
